user_id,teamchat_session_id,date
1588,6776,1464233999
350,6777,1464234000
740,6778,1464234001
1068,6779,1464234002
1554,6780,1464234003
668,6781,1464234004
1989,6782,1464234005
540,6783,1464234006
516,6784,1464234007
630,6785,1464234008
1847,6779,1464234009
461,6787,1464234010
708,6783,1464234011
417,6789,1464234012
1038,6790,1464234013
2100,6791,1464234014
1349,6792,1464234015
1606,6780,1464234016
1479,6794,1464234017
1535,6795,1464234018
192,6796,1464234019
1311,6797,1464234020
518,6782,1464234021
20,6799,1464234022
214,6800,1464234023
789,6796,1464235799
521,6809,1464235800
1754,6810,1464235801
1059,6811,1464235802
303,6813,1464235804
294,6783,1464235805
291,6815,1464235806
1090,6783,1464235807
702,6817,1464235808
1673,6818,1464235809
265,6819,1464235810
554,6820,1464235811
515,6821,1464235812
674,6778,1464235813
1125,6792,1464235814
1755,6799,1464237599
63,6784,1464237600
1074,6838,1464237601
1503,6792,1464237602
1627,6784,1464237604
650,6811,1464237605
1596,6791,1464239399
733,6850,1464239400
1244,6821,1464239401
863,6811,1464239402
69,6853,1464239403
1219,6854,1464239404
1256,6785,1464239405
438,6790,1464239406
319,6857,1464239407
1996,6858,1464239408
1051,6859,1464239409
767,6791,1464239410
1366,6810,1464239412
440,6863,1464239413
1955,6866,1464239416
1335,6866,1464239417
288,6868,1464239418
983,6799,1464239421
9,6776,1464239423
738,6789,1464239424
394,6875,1464239425
1789,6819,1464241199
428,6886,1464241200
1873,6850,1464241201
464,6888,1464241202
2089,6889,1464241203
1768,6891,1464241205
611,6809,1464242999
951,6903,1464243000
240,6783,1464243001
1792,6792,1464243004
88,6821,1464243006
1318,6910,1464243007
97,6911,1464243008
1559,6912,1464243009
1574,6850,1464243010
329,6914,1464243011
1709,6866,1464243013
1494,6859,1464243014
257,6792,1464243015
1482,6787,1464243016
642,6920,1464243017
1085,6910,1464243018
500,6922,1464243019
502,6799,1464243021
1995,6925,1464243022
1237,6819,1464243023
1095,6792,1464243026
1220,6859,1464243027
1658,6782,1464243028
365,6819,1464243029
968,6911,1464243030
1398,6780,1464243034
2004,6925,1464243035
1204,6776,1464243037
696,6943,1464243040
1487,6800,1464243042
1816,6946,1464243043
426,6797,1464243044
2093,6922,1464243045
1001,6949,1464243046
1037,6951,1464243048
869,6809,1464243049
1165,6914,1464243050
280,6956,1464243053
2075,6854,1464243054
1741,6799,1464244799
1848,6949,1464244801
743,6922,1464244804
507,6813,1464244805
1991,6850,1464244806
1110,6973,1464244808
2006,6974,1464244809
252,6810,1464244810
333,6811,1464244813
230,6853,1464244814
719,6792,1464244816
412,6778,1464244817
996,6984,1464244819
1573,6777,1464244822
1268,6791,1464244824
1450,6794,1464244826
1926,7007,1464246599
1127,7008,1464246600
1056,6780,1464246603
2067,6784,1464246605
1975,6949,1464246606
1302,7022,1464246614
254,7024,1464246616
1324,6821,1464246617
222,6778,1464246618
1525,7028,1464246620
209,6784,1464246621
125,6973,1464246624
442,7035,1464246627
253,6863,1464246628
876,6920,1464246629
198,7038,1464246630
1287,6790,1464246631
834,6819,1464246632
698,6781,1464246634
985,6925,1464246635
14,6782,1464246637
2047,6889,1464246640
1920,6956,1464246645
1769,7024,1464246647
423,6925,1464246649
1248,7058,1464246650
431,6810,1464246653
1506,6780,1464248405
339,6778,1464248407
1896,6974,1464248410
1225,6850,1464248411
1272,6777,1464248412
1259,6853,1464248417
2034,6781,1464248419
388,6795,1464248421
199,6818,1464248424
37,7104,1464248427
1972,6789,1464248429
350,6777,1464248430
1354,6789,1464248433
936,6949,1464248437
915,7104,1464248439
1935,6799,1464248440
1107,6796,1464248442
735,6792,1464250201
1882,6925,1464250205
30,7008,1464250206
196,6789,1464250207
1084,6778,1464250208
1817,7058,1464250210
1671,6858,1464250211
1959,6820,1464250212
148,6974,1464250221
1241,6785,1464250224
1253,7058,1464252003
20,6799,1464252007
31,6783,1464252014
1428,6984,1464252015
1398,6780,1464252018
1035,6790,1464252023
1978,7212,1464253806
631,6789,1464253807
216,6790,1464255599
1285,7007,1464255603
1118,6850,1464257399
1029,7024,1464257403
1665,6811,1464259199
1033,6818,1464259201
577,7270,1464259204
1514,7212,1464259205
1189,7280,1464259214
602,6813,1464259218
987,6925,1464259224
2004,6925,1464259227
128,6810,1464259230
442,7035,1464259232
2022,6783,1464259233
513,6785,1464261000
1305,6925,1464261001
1019,6817,1464261005
1126,6888,1464261007
277,6838,1464262799
2033,6791,1464262800
368,6792,1464262803
1599,6782,1464262806
1649,6857,1464262811
560,6925,1464262814
1638,7347,1464262816
621,6914,1464262817
305,6943,1464262828
683,6889,1464262829
2095,6889,1464262839
929,6797,1464262841
263,6925,1464264599
1688,7024,1464264612
2100,6791,1464264613
967,6783,1464264614
881,6974,1464264616
1868,6888,1464264617
483,6779,1464264619
283,6853,1464264620
661,7432,1464266406
1550,6910,1464266411
1819,6838,1464266413
982,7443,1464266417
2066,6799,1464266428
1,7024,1464266429
1994,6858,1464266430
1219,6854,1464268201
1535,6795,1464268204
1617,7024,1464268207
1231,6817,1464270005
904,7505,1464270006
554,6820,1464270014
449,6778,1464270016
1070,6911,1464271799
14,6782,1464273599
97,6911,1464273601
1019,6817,1464273605
843,6809,1464273606
1793,7058,1464273610
178,6949,1464273627
1128,6792,1464273629
476,6863,1464273630
667,6783,1464273641
2064,7280,1464273643
1162,6974,1464273644
1509,6889,1464273645
419,6858,1464273646
1606,6780,1464273648
701,6792,1464275405
1839,6780,1464275408
380,6792,1464275417
1498,6795,1464275426
456,6810,1464275432
1192,7212,1464275443
578,7058,1464275446
311,6866,1464275448
844,7443,1464275452
194,6785,1464275454
999,6780,1464277200
557,6853,1464277216
500,6922,1464277217
1356,6783,1464279005
240,6783,1464279013
969,7726,1464279018
1429,6776,1464279021
80,6791,1464279023
110,6854,1464279025
1258,7058,1464279026
1599,6782,1464279027
497,7038,1464279029
1441,6782,1464279035
2050,6794,1464279045
886,6910,1464279046
1548,6776,1464279048
1996,6858,1464279050
1034,6794,1464279055
967,6783,1464282604
1136,6859,1464282606
1665,6811,1464284399
621,6914,1464284400
1999,6866,1464284402
37,7104,1464284417
1244,6821,1464284432
516,6784,1464284438
1087,6797,1464286207
685,7280,1464286208
1920,6956,1464288014
1084,6778,1464289828
1703,7035,1464291600
861,6925,1464291601
556,6809,1464291620
1051,6859,1464291622
428,6886,1464291627
1349,6792,1464291651
724,6956,1464293405
1378,6956,1464293411
407,6777,1464295199
1324,6821,1464295201
1318,6910,1464295213
1153,7212,1464295223
155,7008,1464295227
423,6925,1464295240
1626,6778,1464295247
1839,6780,1464295253
1844,6956,1464297009
1305,6925,1464298804
540,6783,1464298810
394,6875,1464298812
767,6791,1464298818
62,6792,1464298819
696,6943,1464298830
137,8205,1464298840
1885,7443,1464298841
1268,6791,1464300610
853,7212,1464300612
88,6821,1464300614
97,6911,1464300615
735,6792,1464300626
701,6792,1464300629
1588,6776,1464300639
1126,6888,1464302400
1561,6796,1464302416
174,6819,1464302418
2078,6956,1464304221
1204,6776,1464309628
1665,6811,1464309633
456,6810,1464309634
759,6857,1464311416
1965,8474,1464313205
876,6920,1464313218
1672,6784,1464313221
110,6854,1464313226
1816,6946,1464313232
1703,7035,1464313235
128,6810,1464313245
483,6779,1464313247
1035,6790,1464315007
214,6800,1464315009
1522,6974,1464315021
1428,6984,1464315022
319,6857,1464316804
1995,6925,1464316806
252,6810,1464320411
1800,6785,1464322204
936,6949,1464322211
380,6792,1464322217
987,6925,1464322223
1506,6780,1464324033
1482,6787,1464325807
2093,6922,1464325820
1596,6791,1464325825
1868,6888,1464325841
683,6889,1464325842
1237,6819,1464331205
1092,8903,1464331228
80,6791,1464332999
1935,6799,1464333009
305,6943,1464333011
131,6974,1464334806
1847,6779,1464334817
1978,7212,1464334831
254,7024,1464334832
1450,6794,1464336602
240,6783,1464336606
669,6984,1464336609
388,6795,1464336616
1844,6956,1464336617
294,6783,1464336622
789,6796,1464336636
631,6789,1464340202
336,9079,1464340208
288,6868,1464341999
668,6781,1464342003
1034,6794,1464342016
394,6875,1464342031
982,7443,1464345603
1975,6949,1464345647
1074,6838,1464347400
582,7726,1464349207
674,6778,1464349219
485,6951,1464349226
1839,6780,1464349230
1996,6858,1464351006
265,6819,1464351025
1056,6780,1464351031
759,6857,1464351055
131,6974,1464354599
1506,6780,1464354629
412,6778,1464354643
853,7212,1464356400
2014,8474,1464356414
128,6810,1464358213
1994,6858,1464358215
428,6886,1464358221
1110,6973,1464358222
2050,6794,1464358244
1130,9529,1464360006
1356,6783,1464360010
4,6888,1464360018
1118,6850,1464360020
1638,7347,1464360029
834,6819,1464360032
968,6911,1464361804
1649,6857,1464361830
560,6925,1464361841
2067,6784,1464361857
1366,6810,1464363615
563,9671,1464363633
1989,6782,1464363635
789,6796,1464365407
1454,6776,1464369016
417,6789,1464369017
1241,6785,1464372624
1975,6949,1464372631
1514,7212,1464372641
1989,6782,1464372645
319,6857,1464376221
1978,7212,1464376226
764,6785,1464376240
461,6787,1464379800
1548,6776,1464379838
669,6984,1464379844
2033,6791,1464379850
305,6943,1464381601
1574,6850,1464381625
137,8205,1464383399
1118,6850,1464383403
521,6809,1464383405
257,6792,1464383408
1793,7058,1464383422
1688,7024,1464383429
1192,7212,1464383438
667,6783,1464385215
75,8903,1464385239
214,6800,1464385247
2038,6951,1464387003
1768,6891,1464387006
361,6886,1464387014
1450,6794,1464387032
2026,7104,1464392399
423,6925,1464392409
1789,6819,1464394209
388,6795,1464394215
1535,6795,1464394235
1882,6925,1464394243
365,6819,1464397803
1372,6866,1464397815
1302,7022,1464399601
1991,6850,1464399604
630,6785,1464399608
69,6853,1464399613
1935,6799,1464399618
1617,7024,1464401415
985,6925,1464401416
1969,9671,1464401417
602,6813,1464401419
1125,6792,1464401422
62,6792,1464401444
1019,6817,1464401446
311,6866,1464403210
412,6778,1464403218
263,6925,1464403228
1819,6838,1464403234
449,6778,1464403239
914,6789,1464405012
1626,6778,1464406831
861,6925,1464406834
1754,6810,1464406842
1305,6925,1464406848
37,7104,1464408606
336,9079,1464408608
394,6875,1464408613
1225,6850,1464408618
674,6778,1464408625
1130,9529,1464410408
1926,7007,1464415800
1919,6888,1464415806
442,7035,1464415810
291,6815,1464415820
767,6791,1464415837
311,6866,1464415842
834,6819,1464417603
759,6857,1464417624
329,6914,1464417641
1741,6799,1464419418
1687,6820,1464419431
40,6809,1464419444
803,6911,1464421199
2100,6791,1464421201
843,6809,1464421203
1189,7280,1464421208
49,7443,1464421215
1354,6789,1464421226
131,6974,1464421227
1095,6792,1464421255
1482,6787,1464423004
431,6810,1464423022
735,6792,1464423025
1754,6810,1464423033
20,6799,1464423052
1012,6875,1464423053
554,6820,1464423055
533,6791,1464424836
645,11208,1464424843
423,6925,1464426609
1498,6795,1464426620
1450,6794,1464428410
1127,7008,1464428422
556,6809,1464428434
1237,6819,1464428438
40,6809,1464428442
1588,6776,1464430214
698,6781,1464430216
1514,7212,1464433816
128,6810,1464435630
1126,6888,1464435638
1969,9671,1464435653
1926,7007,1464437404
2037,6821,1464437414
936,6949,1464437420
4,6888,1464437436
1258,7058,1464437441
686,11602,1464441016
230,6853,1464441035
1972,6789,1464441042
131,6974,1464442805
1441,6782,1464444612
280,6956,1464444615
1573,6777,1464444625
2095,6889,1464444631
1110,6973,1464444633
853,7212,1464444639
1162,6974,1464444640
339,6778,1464444642
792,6779,1464444648
1095,6792,1464446409
1649,6857,1464448220
577,7270,1464448226
1085,6910,1464450004
155,7008,1464450025
425,7443,1464450038
1204,6776,1464450042
265,6819,1464450053
1816,6946,1464451801
1506,6780,1464455415
533,6791,1464457207
650,6811,1464458999
1127,7008,1464459000
1225,6850,1464460803
108,6809,1464464406
1972,6789,1464466206
254,7024,1464466229
426,6797,1464466235
1305,6925,1464466243
1627,6784,1464466245
1999,6866,1464468000
1085,6910,1464468011
1865,6795,1464468027
1215,12209,1464468037
29,6813,1464468044
803,6911,1464468046
20,6799,1464468060
196,6789,1464469800
582,7726,1464469814
1253,7058,1464469827
388,6795,1464469834
521,6809,1464469843
1965,8474,1464471602
698,6781,1464471611
1573,6777,1464473404
240,6783,1464473409
1285,7007,1464473433
199,6818,1464473437
1200,6777,1464473439
1978,7212,1464475220
792,6779,1464477001
1494,6859,1464477016
1126,6888,1464477047
1302,7022,1464477054
288,6868,1464478803
280,6956,1464478804
828,7104,1464480605
194,6785,1464480608
1037,6951,1464480609
2014,8474,1464480622
838,6889,1464480627
1296,7443,1464482400
589,6889,1464482428
1703,7035,1464482437
1056,6780,1464484200
319,6857,1464484202
49,7443,1464484207
621,6914,1464487801
1244,6821,1464487809
1051,6859,1464489611
2022,6783,1464489615
650,6811,1464489619
1335,6866,1464489622
148,6974,1464491413
631,6789,1464491426
380,6792,1464496801
1709,6866,1464496821
838,6889,1464498604
368,6792,1464498605
1114,6866,1464498606
518,6782,1464500401
1428,6984,1464502203
1153,7212,1464502204
1978,7212,1464504021
674,6778,1464504040
1883,6779,1464504052
1192,7212,1464504054
502,6799,1464509401
1606,6780,1464509421
500,6922,1464509426
1688,7024,1464511201
645,11208,1464511204
763,6794,1464511217
1844,6956,1464511219
521,6809,1464511223
1311,6797,1464513027
804,6819,1464513028
1165,6914,1464513035
2047,6889,1464514803
1479,6794,1464516615
1012,6875,1464516622
280,6956,1464518406
1366,6810,1464520213
743,6922,1464522000
1087,6797,1464522002
2100,6791,1464523809
797,7432,1464523813
20,6799,1464523832
1506,6780,1464523838
853,7212,1464523844
667,6783,1464523851
1989,6782,1464523852
1,7024,1464525614
294,6783,1464527400
828,7104,1464527406
1128,6792,1464529201
764,6785,1464529210
1920,6956,1464529236
1461,6783,1464529253
442,7035,1464532821
1084,6778,1464532827
1059,6811,1464532830
88,6821,1464532834
1085,6910,1464532839
1074,6838,1464534602
1398,6780,1464534607
1955,6866,1464534612
1596,6791,1464536401
305,6943,1464536412
1038,6790,1464536417
1204,6776,1464536421
668,6781,1464536426
1937,7022,1464536428
333,6811,1464536430
1844,6956,1464538207
767,6791,1464538222
1033,6818,1464538223
174,6819,1464538237
216,6790,1464541803
1999,6866,1464543603
839,6792,1464543609
513,6785,1464547201
1503,6792,1464547216
291,6815,1464547220
1672,6784,1464547228
1220,6859,1464547230
1703,7035,1464547240
1896,6974,1464547255
1349,6792,1464547256
1189,7280,1464550799
502,6799,1464550807
257,6792,1464550808
2089,6889,1464550813
1848,6949,1464552601
733,6850,1464552617
743,6922,1464552619
1995,6925,1464552620
1978,7212,1464552646
1626,6778,1464559800
977,9671,1464559802
1800,6785,1464559811
250,7028,1464561615
1204,6776,1464561630
1819,6838,1464563402
1817,7058,1464563405
1989,6782,1464563416
133,14146,1464563417
1383,6777,1464563420
126,6888,1464563424
1287,6790,1464563440
1754,6810,1464563444
1118,6850,1464563445
1755,6799,1464565220
1462,6889,1464565243
1514,7212,1464568801
1129,6903,1464568817
621,6914,1464572418
2018,6820,1464576002
1865,6795,1464576009
922,7212,1464576035
2050,6794,1464576041
828,7104,1464577801
311,6866,1464577812
214,6800,1464577816
137,8205,1464577821
1258,7058,1464579607
1153,7212,1464585000
709,6821,1464585015
740,6778,1464586821
629,7024,1464586824
1649,6857,1464586826
104,6795,1464588610
1138,7104,1464588628
876,6920,1464588634
1854,12209,1464588641
642,6920,1464588642
1926,7007,1464590399
1673,6818,1464590400
196,6789,1464590403
2014,8474,1464590409
1972,6789,1464590413
668,6781,1464592213
380,6792,1464592220
1741,6799,1464592233
283,6853,1464592245
1125,6792,1464592248
14,6782,1464592257
627,6857,1464594007
853,7212,1464594008
483,6779,1464594015
241,7022,1464595800
288,6868,1464595802
1354,6789,1464595815
1588,6776,1464595818
412,6778,1464595833
1285,7007,1464597627
229,6792,1464597642
1189,7280,1464599401
1441,6782,1464599409
709,6821,1464601215
303,6813,1464601231
642,6920,1464601237
1673,6818,1464601240
629,7024,1464603014
1920,6956,1464603044
88,6821,1464603053
1370,7212,1464603057
1285,7007,1464604838
131,6974,1464606604
1954,6819,1464606615
1287,6790,1464606641
1019,6817,1464606649
1709,6866,1464606664
516,6784,1464606668
839,6792,1464608428
1989,6782,1464608449
521,6809,1464610204
1296,7443,1464610209
1754,6810,1464610212
198,7038,1464610214
797,7432,1464611999
969,7726,1464612001
1687,6820,1464612016
1272,6777,1464612017
994,15383,1464612028
1090,6783,1464613801
1127,7008,1464613807
286,6886,1464613814
75,8903,1464613820
975,6974,1464613853
1768,6891,1464615599
1037,6951,1464615613
1494,6859,1464615630
994,15383,1464615643
759,6857,1464619200
801,6857,1464619222
1550,6910,1464622808
1125,6792,1464624600
128,6810,1464624619
1638,7347,1464624623
1538,6854,1464624646
108,6809,1464624657
1525,7028,1464626410
1442,12209,1464626415
967,6783,1464626429
1268,6791,1464626431
1761,8903,1464626446
994,15383,1464626454
265,6819,1464630001
1574,6850,1464630014
252,6810,1464631823
801,6857,1464631829
333,6811,1464639009
556,6809,1464639016
1287,6790,1464639027
126,6888,1464639028
423,6925,1464639050
661,7432,1464639062
500,6922,1464640817
425,7443,1464642623
1192,7212,1464642645
853,7212,1464644404
1084,6778,1464644415
929,6797,1464644436
977,9671,1464646200
968,6911,1464646225
859,16274,1464646252
1318,6910,1464648002
1450,6794,1464648025
277,6838,1464649799
1970,6777,1464649809
288,6868,1464651608
2034,6781,1464651612
1428,6984,1464651617
1366,6810,1464653413
929,6797,1464653419
1687,6820,1464653421
767,6791,1464653430
1673,6818,1464657005
1189,7280,1464657007
1599,6782,1464657011
350,6777,1464658805
1114,6866,1464658806
1204,6776,1464658841
507,6813,1464658859
803,6911,1464662399
602,6813,1464662419
40,6809,1464662436
1120,6903,1464664199
454,6791,1464664201
1882,6925,1464664202
1789,6819,1464664213
969,7726,1464664215
252,6810,1464664246
1136,6859,1464666013
863,6811,1464666017
126,6888,1464666032
428,6886,1464666043
719,6792,1464666048
1626,6778,1464666074
546,6817,1464667802
1672,6784,1464667819
1019,6817,1464667824
368,6792,1464667831
1538,6854,1464667832
1462,6889,1464667834
1919,6888,1464667836
110,6854,1464667839
1378,6956,1464667846
1200,6777,1464667848
869,6809,1464669621
1066,7028,1464669642
2004,6925,1464671402
516,6784,1464671403
1349,6792,1464671409
1269,16938,1464671416
1768,6891,1464673200
764,6785,1464673206
709,6821,1464673242
252,6810,1464675015
1153,7212,1464675031
985,6925,1464675045
277,6838,1464675049
968,6911,1464675053
507,6813,1464675064
365,6819,1464678602
1450,6794,1464678603
4,6888,1464682219
1514,7212,1464684002
1127,7008,1464684007
923,7432,1464684028
2098,7443,1464684039
37,7104,1464685800
772,6797,1464685806
611,6809,1464687611
1169,6818,1464687614
476,6863,1464687617
2004,6925,1464689402
576,6922,1464689404
792,6779,1464689412
1665,6811,1464689423
137,8205,1464689431
1454,6776,1464689438
1114,6866,1464691215
1136,6859,1464691217
1854,12209,1464693012
49,7443,1464693033
1370,7212,1464693036
603,17406,1464693038
685,7280,1464693041
29,6813,1464693045
196,6789,1464693056
2089,6889,1464698430
1588,6776,1464700201
1839,6780,1464700208
1324,6821,1464700220
311,6866,1464700222
709,6821,1464700225
1118,6850,1464702024
461,6787,1464702031
1378,6956,1464702043
507,6813,1464702045
767,6791,1464703812
277,6838,1464703816
724,6956,1464703835
538,6795,1464703850
789,6796,1464705600
280,6956,1464705613
2026,7104,1464707410
119,14146,1464707432
1709,6866,1464707455
838,6889,1464707464
2044,6891,1464709199
14,6782,1464711005
1253,7058,1464711011
1475,6922,1464711023
1587,6780,1464711039
1276,6914,1464711074
1461,6783,1464712805
1378,6956,1464716400
881,6974,1464718203
1001,6949,1464718209
1165,6914,1464718215
538,6795,1464723623
2075,6854,1464723642
456,6810,1464723662
2004,6925,1464723663
444,18142,1464725402
254,7024,1464725439
1559,6912,1464725467
999,6780,1464727225
1090,6783,1464727230
301,9671,1464729004
1189,7280,1464729009
20,6799,1464729011
2016,15383,1464729020
1428,6984,1464729027
4,6888,1464729037
1269,16938,1464729047
834,6819,1464729051
1848,6949,1464730860
969,7726,1464732619
1311,6797,1464732630
2014,8474,1464732631
1550,6910,1464732639
1954,6819,1464732642
1847,6779,1464734406
1665,6811,1464734407
280,6956,1464734418
37,7104,1464736203
294,6783,1464736210
1761,8903,1464738038
869,6809,1464738040
1935,6799,1464738058
199,6818,1464739808
263,6925,1464739810
1349,6792,1464739813
1883,6779,1464741614
1059,6811,1464741624
63,6784,1464741639
843,6809,1464741655
1038,6790,1464741658
476,6863,1464743407
1873,6850,1464745203
668,6781,1464747000
861,6925,1464747003
378,6914,1464747019
69,6853,1464747036
1873,6850,1464748807
454,6791,1464748819
1638,7347,1464748847
1883,6779,1464748856
241,7022,1464748873
1879,6797,1464750624
1919,6888,1464750644
1849,6911,1464750650
642,6920,1464750652
1427,18939,1464752399
1847,6779,1464752414
743,6922,1464752419
1978,7212,1464752431
428,6886,1464752454
426,6797,1464754206
1166,6790,1464754247
1970,6777,1464754258
1074,6838,1464756001
1972,6789,1464756011
1012,6875,1464756016
444,18142,1464756024
1550,6910,1464757814
1287,6790,1464757840
1920,6956,1464757849
1741,6799,1464761405
391,6809,1464763210
388,6795,1464763240
560,6925,1464763245
336,9079,1464766811
1272,6777,1464768605
1472,19390,1464770402
1452,6891,1464770404
1320,19403,1464770415
1506,6780,1464770420
904,7505,1464772216
661,7432,1464774001
1366,6810,1464774007
1204,6776,1464774009
1559,6912,1464775799
1908,6949,1464775812
1741,6799,1464777605
204,6789,1464777606
538,6795,1464779412
20,6799,1464779433
828,7104,1464779436
1598,6859,1464781216
1311,6797,1464783030
1045,7058,1464783044
1189,7280,1464784801
1092,8903,1464784809
4,6888,1464784811
914,6789,1464784829
1130,9529,1464792007
1475,6922,1464792012
1596,6791,1464793808
1703,7035,1464793810
1848,6949,1464793812
1285,7007,1464793815
1545,6984,1464793849
1305,6925,1464793871
1126,6888,1464795607
2058,7505,1464795615
1107,6796,1464795617
137,8205,1464795628
1165,6914,1464795632
391,6809,1464797399
2093,6922,1464797412
254,7024,1464797414
1296,7443,1464797429
1189,7280,1464797442
1996,6858,1464797444
30,7008,1464797446
9,6776,1464797448
277,6838,1464799201
603,17406,1464799222
630,6785,1464799223
216,6790,1464799237
1379,18939,1464801001
283,6853,1464801005
1627,6784,1464801006
1075,12209,1464801007
1947,6799,1464801010
2078,6956,1464802813
2075,6854,1464802815
1461,6783,1464802834
2028,6888,1464806401
744,6889,1464806404
136,6795,1464806410
1,7024,1464806429
1136,6859,1464808199
1241,6785,1464808223
1311,6797,1464808247
1498,6795,1464808248
772,6797,1464808250
1305,6925,1464808264
1975,6949,1464810031
194,6785,1464811803
1839,6780,1464811809
1935,6799,1464811815
1965,8474,1464811819
1253,7058,1464811822
29,6813,1464811823
1169,6818,1464811836
1090,6783,1464813622
1769,7024,1464813625
1073,6811,1464813646
540,6783,1464813653
744,6889,1464813659
2100,6791,1464813665
1074,6838,1464813669
257,6792,1464815437
263,6925,1464817226
1450,6794,1464817240
311,6866,1464817273
792,6779,1464820815
1865,6795,1464822632
1378,6956,1464824406
1276,6914,1464826199
792,6779,1464828002
1919,6888,1464828035
252,6810,1464828041
1302,7022,1464828046
1768,6891,1464828063
31,6783,1464828069
1092,8903,1464828079
738,6789,1464829806
1606,6780,1464829812
627,6857,1464829817
1045,7058,1464829818
1285,7007,1464829819
1908,6949,1464833427
1955,6866,1464833435
843,6809,1464835201
1051,6859,1464835203
629,7024,1464835207
75,8903,1464835226
969,7726,1464835246
1120,6903,1464835252
419,6858,1464835253
922,7212,1464835254
40,6809,1464837005
2078,6956,1464837019
983,6799,1464837022
2011,6875,1464837036
2022,6783,1464837046
2004,6925,1464838810
1506,6780,1464838818
128,6810,1464838820
2083,6783,1464840609
987,6925,1464840635
1995,6925,1464842412
708,6783,1464842428
1254,6819,1464842443
1244,6821,1464844209
1514,7212,1464844215
204,6789,1464846044
1165,6914,1464846051
277,6838,1464846062
1970,6777,1464847812
1204,6776,1464851409
1479,6794,1464851418
1248,7058,1464851421
1451,6817,1464851422
126,6888,1464851425
1215,12209,1464851428
1114,6866,1464851430
1741,6799,1464851440
213,6811,1464851441
685,7280,1464853201
1354,6789,1464853218
2089,6889,1464853219
1792,6792,1464853222
472,21555,1464854999
1107,6796,1464855006
1817,7058,1464855020
520,8903,1464855021
1991,6850,1464855029
448,21586,1464855030
1933,21555,1464855044
1929,6800,1464855046
288,6868,1464856820
1574,6850,1464858602
1596,6791,1464858619
237,7104,1464858640
29,6813,1464858656
897,7280,1464858668
859,16274,1464860413
1937,7022,1464860418
540,6783,1464862201
696,6943,1464862204
1454,6776,1464862211
1335,6866,1464862214
1256,6785,1464863999
914,6789,1464864001
1506,6780,1464865818
1883,6779,1464865847
2034,6781,1464869408
391,6809,1464869409
951,6903,1464869418
380,6792,1464871202
1789,6819,1464871207
1488,6951,1464874803
764,6785,1464874805
174,6819,1464874826
204,6789,1464874861
1854,12209,1464874862
890,7726,1464876610
1819,6838,1464876622
1839,6780,1464876635
472,21555,1464880213
1503,6792,1464880235
1349,6792,1464882004
500,6922,1464882013
560,6925,1464882016
2028,6888,1464882018
216,6790,1464885600
1038,6790,1464885610
1287,6790,1464887401
119,14146,1464887416
1598,6859,1464887418
291,6815,1464887420
2089,6889,1464887421
456,6810,1464887431
1118,6850,1464887437
1324,6821,1464889255
2058,7505,1464889258
128,6810,1464891013
148,6974,1464892803
30,7008,1464892811
1627,6784,1464892815
1272,6777,1464892816
1442,12209,1464894610
667,6783,1464894618
985,6925,1464894623
2084,22551,1464894638
1965,8474,1464896402
2050,6794,1464896406
431,6810,1464896410
556,6809,1464896419
2064,7280,1464896420
844,7443,1464896434
1034,6794,1464900005
1178,9079,1464900043
464,6888,1464901803
333,6811,1464903601
1068,6779,1464903606
661,7432,1464907200
1947,6799,1464909001
1561,6796,1464909009
820,22785,1464909030
518,6782,1464909031
1587,6780,1464909034
762,7505,1464909048
778,6780,1464909059
426,6797,1464909079
1452,6891,1464909081
1178,9079,1464910805
909,6780,1464910825
696,6943,1464912611
284,16938,1464914408
869,6809,1464914412
1451,6817,1464914414
1693,22935,1464914415
559,6790,1464914450
1319,6818,1464914463
1933,21555,1464914478
683,6889,1464918015
656,6783,1464918034
996,6984,1464921608
1318,6910,1464921612
738,6789,1464921623
286,6886,1464921636
1868,6888,1464921638
277,6838,1464921649
1522,6974,1464921650
2014,8474,1464923399
254,7024,1464923422
518,6782,1464923423
702,6817,1464923425
1662,23204,1464923439
1503,6792,1464923442
502,6799,1464925207
1707,6858,1464925215
1882,6925,1464925226
914,6789,1464925234
1573,6777,1464925256
1169,6818,1464927003
200,6813,1464927005
213,6811,1464927011
1498,6795,1464928803
1548,6776,1464928828
119,14146,1464928840
1287,6790,1464930599
1911,6778,1464930611
128,6810,1464930614
70,23415,1464930618
1169,6818,1464930642
311,6866,1464932415
876,6920,1464934220
1311,6797,1464934223
1137,18142,1464935999
401,6790,1464936010
1482,6787,1464936012
1545,6984,1464936030
2093,6922,1464936040
516,6784,1464936044
1461,6783,1464936072
97,6911,1464937803
1012,6875,1464937805
178,6949,1464939599
1090,6783,1464941421
380,6792,1464941437
1969,9671,1464941448
1,7024,1464941462
778,6780,1464943200
1220,6859,1464943207
708,6783,1464943253
1970,6777,1464943257
771,6857,1464945008
762,7505,1464946814
1687,6820,1464946815
497,7038,1464946835
311,6866,1464948611
2037,6821,1464948639
789,6796,1464948646
1313,23919,1464948660
798,7058,1464948682
1396,6815,1464950405
1056,6780,1464950410
442,7035,1464950413
533,6791,1464950420
90,7008,1464950421
378,6914,1464950434
148,6974,1464952199
449,6778,1464952226
1498,6795,1464952228
1675,6787,1464952239
1969,9671,1464952245
1001,6949,1464952252
1658,6782,1464952257
2033,6791,1464952262
44,6853,1464952279
2066,6799,1464954011
1137,18142,1464954026
1026,24121,1464954030
861,6925,1464954032
1034,6794,1464954055
1379,18939,1464954069
1929,6800,1464957608
996,6984,1464957609
329,6914,1464957615
417,6789,1464957626
1693,22935,1464957653
1773,6859,1464957655
1034,6794,1464957664
546,6817,1464963006
391,6809,1464963018
1318,6910,1464963044
673,24372,1464964799
381,6911,1464964811
1035,6790,1464966604
1475,6922,1464966620
1085,6910,1464966633
1128,6792,1464968419
694,6821,1464968427
1658,6782,1464968435
199,6818,1464968442
1300,7008,1464968443
1573,6777,1464970201
1272,6777,1464970208
648,6781,1464972002
262,7022,1464973800
209,6784,1464973807
1137,18142,1464973831
1254,6819,1464973846
556,6809,1464977418
621,6914,1464977421
1324,6821,1464977439
1498,6795,1464979233
1688,7024,1464979251
936,6949,1464980999
194,6785,1464981016
578,7058,1464982812
2075,6854,1464986402
563,6789,1464986406
507,6813,1464986432
430,24967,1464990005
1070,6911,1464990011
2026,7104,1464991819
1427,18939,1464993604
1865,6795,1464993616
915,7104,1464993624
861,6925,1464993633
1166,6790,1464993637
365,6819,1464995406
1066,7028,1464995423
1959,6820,1464995433
250,7028,1464995435
1210,23919,1464995460
1975,6949,1464995480
986,6889,1464995481
630,6785,1464997213
712,6850,1464997223
1296,7443,1464997224
822,22935,1464997233
908,23919,1464997236
558,7007,1464997256
1127,7008,1464997260
2100,6791,1464999003
1114,6866,1464999017
876,6920,1465000804
1362,6984,1465000805
1254,6819,1465000808
996,6984,1465000813
969,7726,1465000814
1313,23919,1465002638
674,6778,1465004401
104,6795,1465004408
1503,6792,1465004416
423,6925,1465004441
1035,6790,1465004459
589,6889,1465006240
738,6789,1465006250
380,6792,1465008004
378,6914,1465008010
1246,6854,1465009817
621,6914,1465009824
1118,6850,1465009834
1556,6922,1465009839
1204,6776,1465011605
1265,6784,1465011613
2084,22551,1465011643
1997,6875,1465011665
1788,6925,1465011667
2033,6791,1465011688
853,7212,1465018804
1538,6854,1465018814
1276,6914,1465020604
1995,6925,1465020614
1472,19390,1465020621
1675,6787,1465020626
417,6789,1465020632
49,7443,1465020636
1559,6912,1465022412
1754,6810,1465022416
636,17406,1465022420
1153,7212,1465022424
110,6854,1465022443
447,6868,1465024202
789,6796,1465024208
431,6810,1465024218
2095,6889,1465024220
1996,6858,1465026001
759,6857,1465026004
2058,7505,1465026035
44,6853,1465026045
1287,6790,1465026050
674,6778,1465026051
1303,6777,1465026088
1318,6910,1465027801
1411,6854,1465027808
859,16274,1465029615
280,6956,1465031399
876,6920,1465031403
1849,6911,1465033204
1427,18939,1465033208
923,7432,1465033215
804,6819,1465033219
906,18939,1465033222
772,6797,1465033223
1955,6866,1465033226
886,6910,1465033227
1092,8903,1465033233
70,23415,1465033234
1919,6888,1465033235
923,7432,1465035006
1792,6792,1465035017
719,6792,1465035026
178,6949,1465035037
505,7212,1465035040
1305,6925,1465035041
1450,6794,1465036810
914,6789,1465036831
1087,6797,1465036846
521,6809,1465036852
950,6914,1465040403
380,6792,1465040408
229,6792,1465040420
1396,6815,1465040421
148,6974,1465040435
2006,6974,1465040441
2095,6889,1465040445
522,18142,1465040447
1416,26437,1465042204
1991,6850,1465042205
2050,6794,1465042220
558,7007,1465042224
1494,6859,1465042225
230,6853,1465042227
336,9079,1465044016
30,7008,1465044017
1665,6811,1465044029
1693,22935,1465044034
257,6792,1465044040
2075,6854,1465044042
1487,26541,1465044047
1933,21555,1465044067
1978,7212,1465045802
1658,6782,1465045817
288,6868,1465045829
497,7038,1465045837
843,6809,1465045853
1265,6784,1465045856
985,6925,1465045867
1034,6794,1465047614
1984,6795,1465047617
237,7104,1465047620
1509,6889,1465047631
199,6818,1465047655
1045,7058,1465047680
1451,6817,1465049405
669,6984,1465051214
252,6810,1465051215
1955,6866,1465051217
1995,6925,1465051235
1237,6819,1465051243
859,16274,1465051244
1566,16938,1465053019
500,6922,1465053030
1025,6920,1465053032
1276,6914,1465053041
1819,6838,1465053062
2011,6875,1465053069
923,7432,1465053073
1189,7280,1465053076
1219,6854,1465054817
1375,7022,1465058400
1008,7280,1465058404
1087,6797,1465058413
2064,7280,1465060200
546,6817,1465060217
853,7212,1465062003
438,6790,1465063804
516,6784,1465063812
801,6857,1465063830
265,6819,1465063834
1793,7058,1465063840
2034,6781,1465063877
1349,6792,1465065599
986,6889,1465065614
515,6821,1465065627
1688,7024,1465067402
681,7038,1465067405
1225,6850,1465067412
1789,6819,1465069212
224,27253,1465069217
1903,27257,1465069221
764,6785,1465069223
147,7726,1465069228
645,11208,1465069249
69,6853,1465069255
1126,6888,1465069263
1429,6776,1465071006
29,6813,1465071007
464,6888,1465071008
1941,6866,1465071019
759,6857,1465071026
1482,6787,1465071027
987,6925,1465072803
772,6797,1465072809
1598,6859,1465072815
667,6783,1465074603
380,6792,1465074647
2033,6791,1465074653
518,6782,1465074668
822,22935,1465076403
1709,6866,1465076419
333,6811,1465076426
284,16938,1465076429
894,7726,1465078200
1475,6922,1465078206
1665,6811,1465078214
1545,6984,1465078227
126,6888,1465078246
2089,6889,1465080002
1637,6796,1465080012
31,6783,1465080028
63,6784,1465080031
834,6819,1465080040
1302,7022,1465080067
437,6776,1465080071
804,6819,1465081799
1488,6951,1465081809
1741,6799,1465081811
986,6889,1465081824
631,6789,1465083600
254,7024,1465083602
621,6914,1465083632
708,6783,1465083633
2064,7280,1465083639
985,6925,1465083642
1037,6951,1465083644
702,6817,1465087211
1220,6859,1465089003
428,6886,1465089025
1773,6859,1465089042
250,7028,1465090807
1792,6792,1465090813
767,6791,1465090825
1256,6785,1465090835
667,6783,1465090853
738,6789,1465090857
1768,6891,1465090868
540,6783,1465090874
1179,22935,1465090881
1556,6922,1465092614
1311,6797,1465092618
1596,6791,1465092632
859,16274,1465092643
419,6858,1465092664
1253,7058,1465092668
993,19390,1465092669
1085,6910,1465096226
1995,6925,1465096232
1972,6789,1465096233
1035,6790,1465098010
1276,6914,1465098023
1882,6925,1465098024
661,7432,1465098025
131,6974,1465098026
259,9529,1465098038
1703,7035,1465099830
1984,6795,1465101613
14,6782,1465101624
681,7038,1465101625
1954,6819,1465101654
1051,6859,1465103405
1311,6797,1465103420
1509,6889,1465103424
1366,6810,1465103430
1378,6956,1465103436
616,15383,1465103439
1110,6973,1465103451
838,6889,1465103473
591,17406,1465105200
1874,6853,1465105208
1195,6974,1465105225
968,6911,1465105229
2034,6781,1465105236
1535,6795,1465105237
533,6791,1465105242
2065,6951,1465105244
2022,6783,1465105248
485,6951,1465107003
1318,6910,1465107011
789,6796,1465107045
63,6784,1465107058
2067,6784,1465108811
853,7212,1465108819
1996,6858,1465108837
1324,6821,1465110600
1068,6779,1465110630
812,6859,1465110635
1192,7212,1465110663
1129,6903,1465110668
914,6789,1465110672
1380,6778,1465112416
1295,7024,1465112440
1789,6819,1465112484
110,6854,1465114204
1908,6949,1465114215
1059,6811,1465114220
1285,7007,1465114233
982,7443,1465114234
645,11208,1465114238
701,6792,1465114243
2028,6888,1465114247
209,6784,1465116001
1672,6784,1465116015
320,27253,1465116037
476,6863,1465116041
1965,8474,1465116048
419,6858,1465116055
1596,6791,1465117828
1296,7443,1465119632
137,8205,1465121413
518,6782,1465123206
277,6838,1465123211
1817,7058,1465125010
319,6857,1465125018
621,6914,1465125020
1162,6974,1465125037
44,6853,1465125050
1074,6838,1465125056
1929,6800,1465125060
743,6922,1465126801
764,6785,1465126825
771,6857,1465126827
1693,22935,1465126850
1556,6922,1465128602
305,6943,1465128610
694,6821,1465128619
1,7024,1465128636
425,7443,1465128637
1768,6891,1465128641
629,7024,1465128643
917,6863,1465128646
1451,6817,1465130432
146,6850,1465130435
1703,7035,1465132199
286,6886,1465132233
2047,6889,1465132243
881,6974,1465132269
1935,6799,1465132276
994,15383,1465132282
740,6778,1465132294
350,6777,1465133999
14,6782,1465134006
1573,6777,1465134016
2095,6889,1465135801
1970,6777,1465137606
1839,6780,1465137630
1136,6859,1465137635
2030,6821,1465137643
951,6903,1465137653
40,6809,1465137654
1127,7008,1465137663
2075,6854,1465137667
1561,6796,1465137674
853,7212,1465137688
2004,6925,1465137693
368,6792,1465137696
683,6889,1465139401
2067,6784,1465139438
1225,6850,1465141200
283,6853,1465141207
412,6778,1465143002
1536,7505,1465146656
1472,19390,1465146690
199,6818,1465148415
1204,6776,1465148450
1705,7038,1465148451
1879,6797,1465148454
1095,6792,1465148480
237,7104,1465148481
128,6810,1465148483
1069,6857,1465150202
708,6783,1465150219
669,6984,1465150234
1396,6815,1465152000
430,24967,1465152008
125,6973,1465152009
1068,6779,1465152011
260,7270,1465152016
702,6817,1465152022
753,7726,1465152025
428,6886,1465152030
1408,6791,1465152040
1848,6949,1465153805
1256,6785,1465155601
977,9671,1465155603
1673,6818,1465155617
1538,6854,1465155625
88,6821,1465155627
629,7024,1465155634
764,6785,1465155648
534,30251,1465155652
501,6795,1465155658
1955,6866,1465157429
454,6791,1465159213
2041,6922,1465159219
40,6809,1465159238
230,6853,1465159239
2018,6820,1465159241
897,7280,1465159253
1311,6797,1465159284
241,7022,1465161016
1996,6858,1465161020
993,19390,1465161023
1559,6912,1465162816
447,6868,1465162832
2008,19390,1465162875
1452,6891,1465162878
14,6782,1465162880
674,6778,1465164608
639,6815,1465164618
1192,7212,1465164621
1137,18142,1465166431
1693,22935,1465166438
1189,7280,1465171805
283,6853,1465171811
394,6875,1465171816
489,7022,1465171818
730,6891,1465171825
162,8205,1465171827
1318,6910,1465173603
1070,6911,1465173606
1068,6779,1465175425
603,17406,1465175433
1128,6792,1465175466
1498,6795,1465175486
492,16274,1465175490
1839,6780,1465177202
1761,8903,1465177205
771,6857,1465177222
485,6951,1465177223
969,7726,1465179006
906,18939,1465179008
305,6943,1465180805
1625,24967,1465180806
1984,6795,1465180808
1014,6853,1465180811
712,6850,1465182612
254,7024,1465182613
2075,6854,1465182625
1107,6796,1465182647
450,6795,1465184412
373,6796,1465184419
804,6819,1465184428
198,7038,1465186199
2041,6922,1465186202
1497,6956,1465186227
540,6783,1465186230
1707,6858,1465188003
1287,6790,1465188018
442,7035,1465188021
917,6863,1465188041
1058,24372,1465188060
1095,6792,1465188075
1130,9529,1465188093
1879,6797,1465189832
108,6809,1465189834
929,6797,1465189835
977,9671,1465189845
1272,6777,1465189848
240,6783,1465189872
668,6781,1465189877
963,6850,1465189889
1907,6813,1465189893
1914,6819,1465191611
1941,6866,1465191616
2033,6791,1465191643
1854,12209,1465193402
162,8205,1465193409
812,6859,1465193413
1989,6782,1465193416
1116,7008,1465193425
1087,6797,1465193441
563,6789,1465193465
401,6790,1465193476
1566,16938,1465195200
1894,27253,1465195217
2065,6951,1465195221
1276,6914,1465197020
1740,7038,1465197023
2035,22551,1465200614
577,7270,1465202411
1192,7212,1465202417
645,11208,1465204204
283,6853,1465204213
2028,6888,1465204221
368,6792,1465204243
1937,7022,1465204256
30,7008,1465204263
513,6785,1465206011
673,24372,1465206013
71,6863,1465206027
1538,6854,1465206051
1707,6858,1465206052
505,7212,1465206055
29,6813,1465206076
2021,6920,1465209607
1313,23919,1465209609
135,12209,1465209613
1994,6858,1465209626
2021,6920,1465209646
222,6778,1465209650
407,6777,1465209674
368,6792,1465211401
229,6792,1465211413
1120,6903,1465213219
1687,6820,1465213221
104,6795,1465213234
1548,6776,1465213239
803,6911,1465215015
708,6783,1465215017
125,6973,1465215034
284,16938,1465215052
2066,6799,1465216800
1703,7035,1465216804
1056,6780,1465216839
69,6853,1465216845
286,6886,1465216855
627,6857,1465216867
1237,6819,1465216869
894,7726,1465216891
853,7212,1465216900
521,6809,1465218608
1396,6815,1465218618
733,6850,1465218627
1503,6792,1465218636
259,9529,1465218642
1335,6866,1465218651
1370,7212,1465218652
1932,22551,1465218664
2026,7104,1465218669
1259,6853,1465218676
1375,7022,1465218694
196,6789,1465218698
1583,18939,1465220407
1488,6951,1465220408
97,6911,1465220415
556,6809,1465220441
798,7058,1465220459
708,6783,1465220467
963,6850,1465220477
333,6811,1465222209
1026,24121,1465222229
1672,6784,1465222236
696,6943,1465222257
1244,6821,1465222278
1671,6858,1465224000
29,6813,1465224014
1069,6857,1465224028
554,6820,1465225800
458,6781,1465227608
922,7212,1465227612
1220,6859,1465227614
1741,6799,1465227615
1538,6854,1465227618
391,6809,1465227634
70,23415,1465227641
1001,6949,1465227678
1705,7038,1465231204
639,6815,1465231210
1256,6785,1465231217
516,6784,1465231220
1166,6790,1465231272
458,6781,1465231289
1574,6850,1465233001
1090,6783,1465233013
776,6795,1465233022
476,6863,1465233035
1907,6813,1465233040
1565,33007,1465233041
1107,6796,1465233045
1627,6784,1465233055
500,6922,1465234814
1659,6810,1465234818
1380,6778,1465234819
1215,12209,1465234849
1514,7212,1465234851
1188,7270,1465236603
265,6819,1465236632
1,7024,1465236636
1479,6794,1465236640
1617,7024,1465238403
419,6858,1465240199
333,6811,1465240215
2022,6783,1465241999
1272,6777,1465242012
971,6858,1465242014
2050,6794,1465242041
1313,23919,1465242052
513,6785,1465242061
147,7726,1465242073
1472,19390,1465243806
1598,6859,1465243811
489,7022,1465245606
1165,6914,1465247400
329,6914,1465247407
2083,6783,1465247408
1561,6796,1465247414
743,6922,1465247430
502,6799,1465249200
1608,6850,1465249240
897,7280,1465251001
804,6819,1465251002
616,15383,1465251021
2098,7443,1465251033
1997,6875,1465251058
1375,7022,1465251076
1550,6910,1465251097
2089,6889,1465251099
2021,6920,1465252809
1955,6866,1465252814
639,6815,1465252831
955,7104,1465252832
886,6910,1465256412
615,6777,1465256419
1096,6820,1465258203
1947,6799,1465260022
1256,6785,1465260026
1989,6782,1465261800
1010,6820,1465261817
512,6792,1465261826
1303,6777,1465261832
881,6974,1465261833
1114,6866,1465261858
906,18939,1465261862
772,6797,1465261865
679,6790,1465261866
448,21586,1465263626
615,6777,1465263631
391,6809,1465263632
2093,6922,1465263638
792,6779,1465263640
2016,15383,1465265417
505,7212,1465265431
1254,6819,1465265462
1033,6818,1465265480
709,6821,1465265499
789,6796,1465265507
250,7028,1465267201
1606,6780,1465267209
1882,6925,1465267237
1658,6782,1465267260
175,23415,1465267286
1336,7035,1465267293
1302,7022,1465269001
305,6943,1465269014
1556,6922,1465269027
1311,6797,1465269032
1427,18939,1465270804
507,6813,1465270808
1932,22551,1465270809
1792,6792,1465270826
110,6854,1465270863
1583,18939,1465270865
1789,6819,1465270881
1844,6956,1465272606
556,6809,1465274406
1503,6792,1465274415
401,6790,1465274422
679,6790,1465274437
1932,22551,1465274467
951,6903,1465276204
147,7726,1465276215
1609,6889,1465276218
1120,6903,1465276262
108,6809,1465276265
1525,7028,1465276288
1919,6888,1465276298
907,15383,1465276300
1268,6791,1465276301
1472,19390,1465277999
1059,6811,1465279802
461,6787,1465279804
2004,6925,1465279805
97,6911,1465279829
1959,6820,1465279857
656,6783,1465279867
1037,6951,1465279876
319,6857,1465281601
1758,6782,1465281603
733,6850,1465281610
428,6886,1465281626
69,6853,1465281627
1378,6956,1465283408
1127,7008,1465283412
1753,6791,1465283418
1300,7008,1465285216
166,7038,1465285226
1800,6785,1465285249
673,24372,1465285255
1859,34844,1465285285
1954,6819,1465287007
296,17406,1465287010
753,7726,1465287020
1316,12209,1465287036
31,6783,1465287039
489,7022,1465287046
1955,6866,1465287050
450,6795,1465287052
1116,7008,1465287055
240,6783,1465288800
472,21555,1465288807
894,7726,1465290599
216,6790,1465290607
1020,34969,1465290613
1509,6889,1465290624
333,6811,1465290639
1574,6850,1465290669
250,7028,1465290673
1137,18142,1465296015
1588,6776,1465296024
1450,6794,1465296030
1065,24372,1465296031
629,7024,1465296033
1908,6949,1465296060
1618,6821,1465296065
822,22935,1465297812
611,6809,1465297820
1950,6850,1465299605
1690,34844,1465299610
350,6777,1465299622
861,6925,1465299634
204,6789,1465299640
252,6810,1465299647
1319,6818,1465299670
1741,6799,1465299671
767,6791,1465301401
37,7104,1465301410
1599,6782,1465301412
1078,6795,1465301416
1048,6792,1465301417
263,6925,1465301427
1237,6819,1465301450
1859,34844,1465303220
798,7058,1465303222
1316,12209,1465303259
29,6813,1465303266
1195,6974,1465303269
1416,26437,1465303273
1882,6925,1465304999
744,6889,1465305006
639,6815,1465305008
49,7443,1465305015
1056,6780,1465305019
2021,6920,1465305035
1068,6779,1465306805
122,6914,1465308626
1819,6838,1465308632
425,7443,1465308651
683,6889,1465308663
1969,9671,1465308666
1536,7505,1465308671
1561,6796,1465308686
1283,9671,1465310407
1427,18939,1465310421
208,6858,1465310428
394,6875,1465310445
1096,6820,1465312205
597,6925,1465312215
329,6914,1465312235
859,16274,1465312243
1672,6784,1465312251
843,6809,1465315800
1085,6910,1465315820
709,6821,1465315832
1559,6912,1465315861
985,6925,1465315875
1356,6783,1465317601
1417,21555,1465317603
1035,6790,1465319408
2026,7104,1465321202
2084,22551,1465321244
216,6790,1465321256
904,7505,1465321264
426,6797,1465323009
1008,7280,1465323026
698,6781,1465323031
1497,6956,1465323035
1092,8903,1465323041
1950,6850,1465324842
1521,6794,1465324848
147,7726,1465324870
2100,6791,1465324872
1438,21555,1465324883
1847,6779,1465324885
2035,22551,1465326602
1769,7024,1465326630
1383,6777,1465326647
378,6914,1465326655
1682,8903,1465328409
9,6776,1465328413
286,6886,1465328444
1659,6810,1465330200
1965,8474,1465330218
1932,22551,1465330231
1259,6853,1465330238
1522,6974,1465332028
1349,6792,1465332038
712,6850,1465332042
556,6809,1465332044
1058,24372,1465332061
1,7024,1465332070
513,6785,1465335601
1005,6791,1465335611
772,6797,1465335630
533,6791,1465335643
639,6815,1465337404
1941,6866,1465337427
1705,7038,1465339199
1965,8474,1465339225
521,6809,1465339229
1126,6888,1465339236
1588,6776,1465339246
341,6780,1465339247
1954,6819,1465339249
1509,6889,1465339273
1442,12209,1465341002
1606,6780,1465341011
629,7024,1465341013
922,7212,1465341027
1219,6854,1465341041
1682,8903,1465341051
1287,6790,1465341078
476,6863,1465341082
2006,6974,1465342800
1179,22935,1465342837
1854,12209,1465344599
1074,6838,1465344646
280,6956,1465344662
298,26541,1465344669
1248,7058,1465346404
1773,6859,1465350035
373,6796,1465350036
1283,9671,1465351807
844,7443,1465351812
1461,6783,1465353599
1492,37228,1465353603
431,6810,1465353611
454,6791,1465353619
1869,27257,1465355400
1959,6820,1465355420
452,6891,1465355421
534,30251,1465355458
708,6783,1465355466
1047,6946,1465355472
505,7212,1465355476
696,6943,1465357203
1919,6888,1465357204
673,24372,1465357226
591,17406,1465357254
955,7104,1465357271
380,6792,1465357278
352,6863,1465359002
1130,9529,1465359014
1271,37480,1465359027
250,7028,1465359028
863,6811,1465359095
1868,6888,1465360835
251,16938,1465360847
1200,6777,1465362644
1561,6796,1465362658
492,16274,1465362659
803,6911,1465364403
859,16274,1465364404
1078,6795,1465364408
146,6850,1465366205
1865,6795,1465366221
1005,6791,1465368033
119,14146,1465369833
1873,6850,1465369841
1051,6859,1465369873
333,6811,1465369879
1212,7726,1465369881
1472,19390,1465369891
554,6820,1465369895
764,6785,1465378811
1999,6866,1465380602
803,6911,1465380607
1978,7212,1465382411
71,6863,1465382417
1179,22935,1465382418
738,6789,1465382427
448,21586,1465382439
512,6792,1465382453
685,7280,1465382459
744,6889,1465382481
502,6799,1465384207
1950,6850,1465384212
485,6951,1465384264
661,7432,1465384280
1869,27257,1465384282
1608,6850,1465385999
240,6783,1465386030
208,6858,1465386049
1152,6922,1465386065
1937,7022,1465386067
104,6795,1465386077
1356,6783,1465386080
294,6783,1465387806
1429,6776,1465387807
694,6821,1465387811
1416,26437,1465387814
62,6792,1465387850
461,6787,1465387857
838,6889,1465387870
1136,6859,1465387872
402,15383,1465389614
237,7104,1465389631
1990,23415,1465393219
1975,6949,1465393235
740,6778,1465393239
1994,6858,1465393250
9,6776,1465393266
1839,6780,1465393276
861,6925,1465395003
1800,6785,1465396802
683,6889,1465396803
1784,6949,1465396805
844,7443,1465396828
1215,12209,1465396832
286,6886,1465398606
763,6794,1465398608
792,6779,1465400425
1059,6811,1465400427
834,6819,1465400429
521,6809,1465400437
2070,16938,1465400441
464,6888,1465400444
1068,6779,1465402204
1396,6815,1465402216
629,7024,1465402221
1253,7058,1465402222
1427,18939,1465402224
1219,6854,1465402232
515,6821,1465402234
876,6920,1465402238
1092,8903,1465402241
738,6789,1465402242
1955,6866,1465402245
482,6787,1465402248
1919,6888,1465402250
986,6889,1465403999
558,7007,1465404005
1303,6777,1465404007
1981,19390,1465404009
915,7104,1465404028
554,6820,1465404033
1718,6914,1465404034
2050,6794,1465404035
2023,6850,1465405823
1920,6956,1465405830
1302,7022,1465405831
226,6811,1465407616
128,6810,1465407619
497,7038,1465407629
500,6922,1465407638
296,17406,1465407644
812,6859,1465407653
2093,6922,1465407672
1687,6820,1465407673
1604,7058,1465407695
287,37228,1465409406
378,6914,1465409424
1503,6792,1465411211
814,14146,1465411216
1559,6912,1465411243
656,6783,1465416599
1604,7058,1465416612
1508,6912,1465416619
319,6857,1465418411
2075,6854,1465418438
1617,7024,1465418442
166,7038,1465418447
1137,18142,1465418486
1318,6910,1465420217
1506,6780,1465420222
1586,27253,1465422010
1408,6791,1465422013
1755,6799,1465422015
615,6777,1465422058
993,19390,1465422068
229,6792,1465422075
1992,39568,1465422091
333,6811,1465422112
1073,6811,1465423800
1429,6776,1465423809
207,24372,1465423865
1311,6797,1465423882
119,14146,1465423883
1087,6797,1465423885
1429,6776,1465427423
361,6886,1465427425
1991,6850,1465427434
853,7212,1465427448
458,6781,1465429211
1903,27257,1465431031
986,6889,1465432803
29,6813,1465432807
712,6850,1465432808
309,18939,1465432845
660,39568,1465432854
1626,6778,1465432875
789,6796,1465432878
262,7022,1465432896
642,6920,1465432898
1548,6776,1465432901
1983,6794,1465432903
1189,7280,1465434604
886,6910,1465436422
303,6813,1465436426
365,6819,1465436430
2030,6821,1465436436
1941,6866,1465436466
820,22785,1465436469
1907,6813,1465438200
589,6889,1465438204
62,6792,1465440026
996,6984,1465440028
923,7432,1465440037
1969,9671,1465440040
194,6785,1465441803
1427,18939,1465441805
1438,21555,1465441806
645,11208,1465441813
224,27253,1465441823
776,6795,1465441824
1164,12209,1465441843
1659,6810,1465441855
975,6974,1465441859
656,6783,1465441862
88,6821,1465441877
1494,6859,1465443601
71,6863,1465443602
1526,22551,1465443613
683,6889,1465443625
260,7270,1465445402
603,17406,1465445409
128,6810,1465445437
1169,6818,1465447207
648,6781,1465447215
656,6783,1465447221
1400,7028,1465447227
1035,6790,1465447241
1047,6946,1465447247
994,15383,1465447263
1125,6792,1465449026
1398,6780,1465449051
534,30251,1465449053
1354,6789,1465449057
189,6920,1465449064
1545,6984,1465450832
1478,18939,1465450840
577,7270,1465452602
1525,7028,1465452606
445,22935,1465452608
900,40690,1465454400
1497,6956,1465454407
1472,19390,1465454410
80,6791,1465454432
37,7104,1465454448
155,7008,1465454450
1029,7024,1465454453
544,6800,1465454466
1010,6820,1465456205
388,6795,1465456213
1920,6956,1465458002
1092,8903,1465458012
148,6974,1465458016
778,6780,1465458018
814,14146,1465458032
1740,7038,1465459832
1671,6858,1465459835
762,7505,1465459843
1515,6776,1465461632
1638,7347,1465461642
102,18939,1465461645
2014,8474,1465461655
286,6886,1465461669
1189,7280,1465461670
1548,6776,1465461671
522,18142,1465463402
798,7058,1465463405
708,6783,1465463444
204,6789,1465463445
472,21555,1465465199
1451,6817,1465465205
214,6779,1465465209
1412,6820,1465465213
1625,24967,1465465222
368,6792,1465465234
1248,7058,1465465238
1212,7726,1465465242
1220,6859,1465465253
373,6796,1465467039
2058,7505,1465468799
1296,7443,1465468804
1682,8903,1465468812
1068,6779,1465468849
1157,7028,1465468882
814,14146,1465468890
449,6778,1465468893
29,6813,1465468894
1124,6779,1465468899
2011,6875,1465468905
843,6809,1465468912
438,6790,1465470612
1873,6850,1465470619
1488,6951,1465472401
1883,6779,1465472413
694,6821,1465472417
146,6850,1465472432
724,6956,1465472437
459,6778,1465472438
341,6780,1465472447
294,6783,1465472473
1854,12209,1465476000
914,6789,1465476001
1168,23204,1465476011
1933,21555,1465476012
1324,6821,1465476014
194,6785,1465476018
1385,7008,1465476037
2028,6888,1465476042
426,6797,1465476054
839,6792,1465476069
986,6889,1465476088
770,18142,1465477801
1128,6792,1465477815
2084,22551,1465479628
131,6974,1465479651
2064,7280,1465479665
2016,15383,1465481412
345,6914,1465481423
606,8474,1465481436
1593,6974,1465485013
993,19390,1465485026
1506,6780,1465485035
904,7505,1465485062
792,6779,1465485082
388,6795,1465486812
1237,6819,1465488618
1241,6785,1465488625
751,6809,1465488630
80,6791,1465488660
1110,6973,1465488680
1638,7347,1465488690
533,6791,1465490400
146,6850,1465490401
615,6777,1465490402
298,26541,1465490430
1503,6792,1465490446
834,6819,1465490450
2041,6922,1465490461
1659,6810,1465490467
136,6795,1465490482
1429,6776,1465492205
1085,6910,1465492241
240,6783,1465492255
994,15383,1465492262
639,6815,1465492273
63,6784,1465492279
822,22935,1465492280
1319,6818,1465495799
869,6809,1465495805
648,6781,1465495818
776,6795,1465495821
125,6973,1465495825
908,23919,1465495833
1114,6866,1465495844
454,6791,1465497624
1911,6778,1465497626
348,27257,1465497633
2065,6951,1465497637
1032,6779,1465497664
668,6781,1465497668
2033,6791,1465497669
461,6787,1465499406
1587,6780,1465499414
1800,6785,1465499421
1047,6946,1465499430
417,6789,1465499440
1865,6795,1465499448
2021,6920,1465499449
1164,12209,1465501231
1627,6784,1465501233
702,6817,1465501267
1153,7212,1465501315
401,6790,1465501321
1400,7028,1465503002
1056,6780,1465503005
1372,6866,1465503006
102,18939,1465504815
1508,6912,1465504817
759,6857,1465504834
603,17406,1465506599
545,6838,1465506600
1515,6776,1465506611
733,6850,1465506664
230,6853,1465508432
589,6889,1465508433
476,6863,1465508447
431,6810,1465508460
738,6789,1465510215
1671,6858,1465510241
1484,6790,1465510246
1509,6889,1465510249
341,6780,1465510250
1428,6984,1465511999
226,6811,1465512001
1687,6820,1465513802
1844,6956,1465513821
1561,6796,1465513840
1816,6946,1465513842
554,6820,1465513863
719,6792,1465513878
1608,6850,1465513883
1295,7024,1465513890
1929,6800,1465513894
631,6789,1465513900
2037,6821,1465515616
70,23415,1465515619
1344,40690,1465515625
951,6903,1465515637
428,6886,1465515652
438,6790,1465515661
1034,6794,1465515669
1596,6791,1465517445
1618,6821,1465517465
1118,6850,1465521015
1134,6815,1465521017
630,6785,1465521021
1854,12209,1465521040
513,6785,1465521049
894,7726,1465521054
1659,6810,1465522814
1370,7212,1465522839
1084,6778,1465522844
1035,6790,1465522855
2014,8474,1465522882
767,6791,1465524627
2066,6799,1465524635
1107,6796,1465524643
546,6817,1465526402
556,6809,1465526408
1873,6850,1465526409
1240,11208,1465526441
2035,22551,1465526447
483,6779,1465526460
2067,6784,1465526480
712,6850,1465528241
352,6863,1465528245
110,6854,1465528267
1087,6797,1465530001
1127,7008,1465530007
1188,7270,1465530023
1136,6859,1465530034
1362,6984,1465530043
1879,6797,1465530053
1454,6776,1465530060
122,6914,1465530094
1989,6782,1465530105
1672,6784,1465531809
648,6781,1465531833
1482,6787,1465533601
1008,7280,1465533607
1253,7058,1465533620
1383,6777,1465533621
1545,6984,1465535407
1070,6911,1465535420
262,7022,1465535434
485,6951,1465535460
751,6809,1465537210
1162,6974,1465537211
2058,7505,1465537223
103,6868,1465537233
1896,6974,1465537236
999,6780,1465537264
1554,6780,1465537286
616,15383,1465537289
1168,23204,1465539011
1789,6819,1465539018
1385,7008,1465539019
104,6795,1465539050
985,6925,1465539070
1120,6903,1465540803
1318,6910,1465540810
1078,6795,1465542631
1398,6780,1465544403
1452,6891,1465544424
1617,7024,1465544429
1688,7024,1465544438
576,6922,1465544446
368,6792,1465544500
1488,6951,1465546199
1970,6777,1465546200
513,6785,1465546213
1272,6777,1465546223
681,7038,1465546224
507,6813,1465546242
352,6863,1465546244
778,6780,1465546248
1383,6777,1465546260
558,7007,1465548001
9,6776,1465548002
483,6779,1465548024
1593,6974,1465548039
259,9529,1465549803
201,6974,1465551604
1372,6866,1465551631
1929,6800,1465553415
1990,23415,1465553419
1605,7505,1465555204
482,6787,1465555222
615,6777,1465555246
1362,6984,1465555249
1521,6794,1465557000
371,7104,1465557010
425,7443,1465557016
472,21555,1465557040
1008,7280,1465557047
1817,7058,1465558799
492,16274,1465558817
1316,12209,1465558819
547,7726,1465558824
1509,6889,1465558892
1212,7726,1465558897
1462,6889,1465558899
1914,6819,1465560601
1107,6796,1465560630
563,6789,1465562407
606,8474,1465562413
645,11208,1465562416
391,6809,1465562435
1753,6791,1465564202
88,6821,1465564205
557,6853,1465564223
230,6853,1465564231
1579,6790,1465564233
545,6838,1465564243
955,7104,1465564304
1256,6785,1465566007
90,7008,1465566009
31,6783,1465566021
1788,6925,1465566039
110,6854,1465566046
1583,18939,1465567832
694,6821,1465567848
430,24967,1465569607
311,6866,1465569624
971,6858,1465569652
1398,6780,1465569655
450,6795,1465569657
241,7022,1465569682
996,6984,1465571400
560,6925,1465571402
1225,6850,1465571431
1561,6796,1465571436
668,6781,1465571438
454,6791,1465573203
587,24121,1465573209
1318,6910,1465573229
309,18939,1465573238
1941,6866,1465573241
993,19390,1465573273
1550,6910,1465573279
1236,6973,1465573280
702,6817,1465573283
1892,23919,1465573289
1429,6776,1465573292
1065,24372,1465573299
1035,6790,1465575003
863,6811,1465578612
1598,6859,1465578632
110,6854,1465578636
378,6914,1465580399
751,6809,1465580413
137,8205,1465580418
135,12209,1465582228
724,6956,1465582240
174,6819,1465582250
1036,22935,1465582257
1492,37228,1465582261
1626,6778,1465582281
207,24372,1465582290
1268,6791,1465584015
1554,6780,1465584020
333,6811,1465584023
797,7432,1465584045
1761,8903,1465585810
1469,6799,1465585821
1070,6911,1465585829
743,6922,1465585832
1287,6790,1465585868
843,6809,1465585875
533,6791,1465589411
1152,6922,1465589444
1959,6820,1465589459
834,6819,1465591203
250,7028,1465591215
449,6778,1465593001
698,6781,1465593006
547,7726,1465593018
1817,7058,1465593041
1096,6820,1465593097
368,6792,1465593112
1479,6794,1465594802
792,6779,1465594822
1991,6850,1465594823
1454,6776,1465594832
776,6795,1465594838
822,22935,1465594844
412,6778,1465594845
559,6790,1465594862
2093,6922,1465594868
1258,7058,1465594874
1494,6859,1465594888
190,33007,1465594896
1800,6785,1465594912
797,7432,1465594926
1484,6790,1465594927
329,6914,1465596602
1179,22935,1465596608
1254,6819,1465596644
853,7212,1465596663
611,6809,1465596669
170,9529,1465596671
2083,6783,1465596674
1753,6791,1465598403
1118,6850,1465598412
2008,19390,1465598415
214,6779,1465598423
1894,27253,1465598452
1879,6797,1465598459
1525,7028,1465598466
792,6779,1465598467
1396,6815,1465598471
967,6783,1465598487
1919,6888,1465598498
1675,6787,1465602006
1247,6912,1465603810
1005,6791,1465603812
1625,24967,1465605600
985,6925,1465605605
1736,6838,1465605618
1441,6782,1465605638
621,6914,1465605639
34,27257,1465607447
1472,19390,1465607461
1068,6779,1465607464
2057,12209,1465609205
686,24372,1465609211
730,6891,1465609236
743,6922,1465609243
2066,6799,1465609246
1137,18142,1465609266
378,6914,1465609271
1212,7726,1465609274
971,6858,1465609280
578,7058,1465609281
350,6777,1465611007
556,6809,1465611016
1052,39568,1465611031
371,7104,1465611032
250,7028,1465611057
606,8474,1465611060
876,6920,1465612808
1349,6792,1465612833
744,6889,1465614606
1800,6785,1465614609
923,7432,1465614611
1020,34969,1465614612
2016,15383,1465614620
1164,12209,1465614634
907,15383,1465614653
1932,22551,1465614675
1494,6859,1465614701
34,27257,1465616409
1554,6780,1465616423
461,6787,1465616426
1793,7058,1465616427
1311,6797,1465616442
178,6949,1465616447
226,6811,1465616448
237,7104,1465616450
1451,6817,1465616458
108,6809,1465616460
987,6925,1465616483
148,6974,1465616492
458,6781,1465618207
1662,23204,1465618221
2018,6820,1465618224
770,18142,1465618257
1412,6820,1465618261
518,6782,1465618274
2026,7104,1465618289
1538,6854,1465620015
1141,6790,1465620024
1378,6956,1465620037
62,6792,1465621817
908,23919,1465621860
1556,6922,1465621874
224,27253,1465621892
839,6792,1465621896
296,17406,1465623628
1362,6984,1465623647
401,6790,1465623667
1001,6949,1465623671
1548,6776,1465625435
270,6838,1465625447
1574,6850,1465625505
1070,6911,1465627230
1638,7347,1465627231
578,7058,1465627251
268,34844,1465627255
483,6779,1465627261
1379,18939,1465627265
1894,27253,1465627283
1305,6925,1465627295
897,7280,1465629064
1498,6795,1465630806
838,6889,1465630815
277,6838,1465630848
1604,7058,1465630875
686,24372,1465630889
1247,6912,1465630897
260,7270,1465630903
110,6854,1465630912
1045,7058,1465632610
1074,6838,1465634414
661,7432,1465634420
1550,6910,1465634436
1602,17406,1465634445
1225,6850,1465634454
237,7104,1465634464
137,8205,1465636216
1816,6946,1465638002
1212,7726,1465638010
1168,23204,1465638011
557,6853,1465638012
1970,6777,1465638060
900,40690,1465639813
1411,6854,1465639837
556,6809,1465639848
1587,6780,1465639853
1268,6791,1465639863
929,6797,1465641647
2096,6784,1465641648
1115,48448,1465643444
1910,16938,1465645227
582,24121,1465645235
532,6859,1465647004
407,6777,1465647007
1271,37480,1465647012
1817,7058,1465647042
1096,6820,1465647065
419,6858,1465648800
2023,6850,1465648802
1315,6809,1465648803
1370,7212,1465648809
520,8903,1465648816
1059,6811,1465648831
489,7022,1465648842
1859,34844,1465648844
1665,6811,1465648855
208,6858,1465648871
1078,6795,1465648881
1200,6777,1465650601
476,6863,1465652411
84,48730,1465652415
1427,18939,1465654228
1020,34969,1465654229
136,6795,1465654244
96,6914,1465654246
1997,6875,1465656010
789,6796,1465656030
201,6974,1465657809
1536,7505,1465657827
1593,6974,1465657838
1220,6859,1465657860
724,6956,1465657862
740,6778,1465657863
1450,6794,1465657864
814,14146,1465657898
1058,24372,1465659599
308,6777,1465659673
1953,7104,1465661411
1516,49085,1465661413
950,6914,1465661437
1052,39568,1465661481
1248,7058,1465661483
437,6776,1465661506
250,7028,1465661507
1442,12209,1465661525
27,34844,1465661529
63,6784,1465663228
262,7022,1465665009
1276,6914,1465665056
448,21586,1465665058
24,6922,1465666801
31,6783,1465666802
442,7035,1465666809
222,6778,1465666819
260,7270,1465666823
1658,6782,1465670414
533,6791,1465670435
44,6853,1465672206
1065,24372,1465672216
388,6795,1465672220
558,7007,1465674000
464,6888,1465674006
925,7280,1465674016
1115,48448,1465674029
280,6956,1465674040
881,6974,1465674046
1627,6784,1465674054
500,6922,1465674076
1675,6787,1465674093
1037,6951,1465675800
1084,6778,1465675821
1428,6984,1465675826
991,6974,1465675836
865,6818,1465675849
361,6886,1465675860
1451,6817,1465675872
950,6914,1465675886
1755,6799,1465675900
1108,6821,1465675905
80,6791,1465675921
1559,6912,1465677621
1475,6922,1465677627
1626,6778,1465677640
1995,6925,1465677646
454,6791,1465677675
1874,6853,1465679409
1352,6817,1465679417
1212,7726,1465679427
967,6783,1465679440
1005,6791,1465679456
230,6853,1465679467
2075,6854,1465679486
237,7104,1465679492
1305,6925,1465679500
1675,6787,1465681205
1268,6791,1465681214
1498,6795,1465681229
1302,7022,1465681262
906,18939,1465681282
2081,27253,1465681318
110,6854,1465681322
1366,6810,1465682999
1090,6783,1465684799
426,6797,1465686606
1488,6951,1465686637
182,37480,1465686640
996,6984,1465686644
669,6984,1465686645
674,6778,1465686654
1950,6850,1465686660
1056,6780,1465686666
1225,6850,1465686687
2060,6778,1465688404
560,6925,1465688414
1639,7432,1465688423
213,6811,1465688427
1954,6819,1465690199
2080,7024,1465693810
277,6838,1465693821
950,6914,1465693842
162,8205,1465693873
147,7726,1465693884
1152,6922,1465693916
744,6889,1465695618
1503,6792,1465695630
287,37228,1465695641
1034,6794,1465695643
851,6783,1465695660
1902,6785,1465695664
915,7104,1465695665
1150,7028,1465695690
1319,6818,1465697399
136,6795,1465697400
610,6820,1465697407
951,6903,1465697444
1136,6859,1465699217
545,6838,1465699223
2011,6875,1465699225
2028,6888,1465699273
401,6790,1465699283
587,24121,1465699289
1994,6858,1465699293
417,6789,1465699297
1831,6821,1465699307
1626,6778,1465701031
1816,6946,1465702806
1119,6791,1465702818
430,24967,1465702826
31,6783,1465702827
683,6889,1465702839
402,15383,1465702860
701,6792,1465702862
1038,6790,1465702883
1521,6794,1465702896
660,39568,1465702898
1625,24967,1465702915
786,24121,1465706409
1204,6776,1465706412
562,6811,1465706427
1047,6946,1465708223
1118,6850,1465708224
489,7022,1465708231
975,6974,1465708234
2022,6783,1465709999
642,6920,1465710003
230,6853,1465711808
1583,18939,1465711812
838,6889,1465711824
2033,6791,1465711835
2081,27253,1465711843
1471,48730,1465713599
1385,7008,1465713610
1272,6777,1465713626
1935,6799,1465713634
1036,22935,1465713659
1497,6956,1465715408
1284,6818,1465715417
1069,6857,1465715421
361,6886,1465715430
2034,6781,1465715448
1755,6799,1465717218
452,6891,1465717229
1599,6782,1465717257
448,21586,1465717272
1782,6875,1465717290
178,6949,1465717300
196,6789,1465717308
1535,6795,1465717321
1274,6800,1465717324
464,6888,1465719013
1903,27257,1465719021
621,6914,1465719057
963,6850,1465719071
532,6859,1465719082
1945,8205,1465719087
373,6796,1465720835
1012,6875,1465720843
1919,6888,1465720853
305,6943,1465720877
87,7104,1465722604
1819,6838,1465722652
771,6857,1465722674
1983,6794,1465722692
1310,22785,1465724402
1968,11208,1465724439
2030,6821,1465724446
908,23919,1465724447
1295,7024,1465726199
1014,6853,1465726202
319,6857,1465727999
1494,6859,1465728009
1627,6784,1465728014
1882,6925,1465728020
1110,6973,1465728032
1981,19390,1465728057
1253,7058,1465728074
1602,17406,1465728104
499,6891,1465729821
1688,7024,1465729827
544,6800,1465729828
1058,24372,1465729845
909,6780,1465729849
1847,6779,1465729867
214,6779,1465729897
391,6809,1465733401
1488,6951,1465733413
320,27253,1465733426
857,6858,1465735222
2033,6791,1465735263
1598,6859,1465735271
685,7280,1465735288
914,6789,1465735290
1229,7280,1465737020
501,6795,1465738807
1345,7347,1465738815
14,6782,1465740624
562,6811,1465740646
137,8205,1465740648
1010,6820,1465740657
1839,6780,1465740696
298,26541,1465740716
200,6813,1465742409
1606,6780,1465744210
110,6854,1465744251
1975,6949,1465744254
1709,6866,1465744269
1400,7028,1465744271
1219,6854,1465744276
1026,24121,1465745999
917,6863,1465746003
287,37228,1465746006
102,18939,1465746023
1302,7022,1465746026
170,9529,1465746063
248,9079,1465746081
1136,6859,1465746089
131,6974,1465746093
9,6776,1465746117
229,6792,1465746118
985,6925,1465747799
1548,6776,1465747811
1469,6799,1465747816
1450,6794,1465747828
1920,6956,1465747864
1586,27253,1465749605
1859,34844,1465751402
762,7505,1465751410
521,6809,1465751411
1569,6868,1465751418
2084,22551,1465751419
996,6984,1465751424
1972,6789,1465751432
759,6857,1465751459
876,6920,1465751490
591,17406,1465751491
2100,6791,1465751503
49,7443,1465751511
1035,6790,1465751512
603,17406,1465751513
69,6853,1465753206
951,6903,1465753207
1204,6776,1465753209
1537,6914,1465753230
1178,9079,1465753236
1488,6951,1465753240
582,24121,1465753242
2081,27253,1465753243
1009,9529,1465753252
1935,6799,1465753255
216,6790,1465753267
254,7024,1465753286
1981,19390,1465753297
2058,7505,1465753311
1385,7008,1465755000
822,22935,1465755004
108,6809,1465755006
135,12209,1465756806
1545,6984,1465756809
712,6850,1465756810
1225,6850,1465756836
1452,6891,1465756864
166,7038,1465756876
1975,6949,1465758605
1372,6866,1465758624
461,6787,1465758628
1586,27253,1465760410
1561,6796,1465762201
861,6925,1465762207
419,6858,1465764030
545,6838,1465764031
1600,53235,1465764054
1800,6785,1465764058
776,6795,1465764076
1265,6784,1465764079
1154,6854,1465765830
1673,6818,1465765836
1907,6813,1465765863
294,6783,1465765882
897,7280,1465765887
1494,6859,1465765899
40,6809,1465765912
1168,23204,1465765915
495,6791,1465765917
1118,6850,1465767621
319,6857,1465767622
1124,6779,1465767625
1120,6903,1465767645
226,6811,1465767646
936,6949,1465767649
1326,53495,1465767661
88,6821,1465769426
546,6817,1465769434
616,15383,1465769468
642,6920,1465769481
994,15383,1465769483
1318,6910,1465769484
683,6889,1465769493
1085,6910,1465769500
259,9529,1465769516
1598,6859,1465771224
914,6789,1465771237
1178,9079,1465771241
792,6779,1465771247
1535,6795,1465771256
952,23919,1465771278
822,22935,1465771279
2026,7104,1465774812
1433,6853,1465774825
1955,6866,1465774831
2081,27253,1465776630
344,22785,1465778399
250,7028,1465778402
452,6891,1465778409
1254,6819,1465778421
419,6858,1465778425
559,6790,1465778432
63,6784,1465780222
417,6789,1465780230
753,7726,1465780300
1361,6974,1465780301
545,6838,1465780306
1482,6787,1465785624
1285,7007,1465785634
2065,6951,1465787404
1200,6777,1465787414
1550,6910,1465787420
1229,7280,1465787434
1300,7008,1465787446
915,7104,1465787464
1241,6785,1465787471
804,6819,1465787482
994,15383,1465787484
14,6782,1465787494
902,6984,1465789212
401,6790,1465789223
1356,6783,1465789240
963,6850,1465789244
738,6789,1465789294
639,6815,1465791001
1012,6875,1465791011
1036,22935,1465791028
751,6809,1465791036
2065,6951,1465791046
1240,11208,1465791058
521,6809,1465791095
2023,6850,1465791102
925,7280,1465791104
309,18939,1465791106
182,37480,1465791112
497,7038,1465792801
890,7726,1465792821
1868,6888,1465792822
1051,6859,1465792825
189,6920,1465794601
1058,24372,1465794602
103,6868,1465794622
754,7212,1465794650
417,6789,1465794663
1010,6820,1465794666
1659,6810,1465794694
1032,6779,1465794697
1114,6866,1465794725
1075,12209,1465794728
1992,39568,1465794731
1819,6838,1465796404
1707,6858,1465798200
900,40690,1465798208
345,6914,1465798264
4,6888,1465800003
1271,37480,1465800006
1272,6777,1465800037
1237,6819,1465800039
1045,7058,1465800044
1959,6820,1465803637
1372,6866,1465803665
686,24372,1465803677
252,6810,1465803679
341,6780,1465803682
1727,53495,1465803697
1311,6797,1465803704
27,34844,1465803709
1606,6780,1465803716
1736,6838,1465803719
1929,6800,1465803727
994,15383,1465805414
1868,6888,1465805426
226,6811,1465805448
694,6821,1465805459
1096,6820,1465805471
776,6795,1465805488
1195,6974,1465805518
982,7443,1465805526
534,30251,1465805527
280,6956,1465807200
1029,7024,1465807205
545,6838,1465807208
1240,11208,1465807213
1882,6925,1465807222
636,6903,1465807244
620,7038,1465807245
630,6785,1465807264
1525,7028,1465807272
1792,6792,1465807278
1375,7022,1465809003
812,6859,1465810810
452,6891,1465810818
476,6863,1465810829
1618,6821,1465810836
792,6779,1465810855
560,6925,1465810856
1902,6785,1465810861
1601,6780,1465812605
1953,7104,1465812619
615,6777,1465812625
968,6911,1465812639
922,7212,1465812648
1370,7212,1465812656
131,6974,1465812662
1828,16274,1465812664
576,6922,1465812672
1940,53495,1465812678
329,6914,1465814401
735,7104,1465814420
1247,6912,1465814422
170,9529,1465814434
208,6858,1465816203
1627,6784,1465816204
1831,6821,1465816223
1411,6854,1465816235
1498,6795,1465816241
2028,6888,1465816251
1701,11208,1465816259
1166,6790,1465816270
213,6811,1465816284
1295,7024,1465816289
740,6778,1465816301
2043,6868,1465818015
402,15383,1465818016
2006,6974,1465818018
251,16938,1465818030
175,23415,1465819801
986,6889,1465819820
44,6853,1465819837
1152,6922,1465819838
417,6789,1465819853
1,7024,1465819878
2083,6783,1465819882
1819,6838,1465819900
2050,6794,1465821599
1462,6889,1465821610
1970,6777,1465821611
1285,7007,1465821635
1994,6858,1465821653
673,24372,1465823419
2023,6850,1465823439
505,7212,1465823440
489,7022,1465823455
1703,7035,1465823465
204,6789,1465825199
1078,6795,1465825209
1256,6785,1465825216
838,6889,1465828805
2006,6974,1465828819
1933,21555,1465830636
1256,6785,1465830639
130,7038,1465830642
894,7726,1465832407
172,49085,1465832435
554,6820,1465832436
694,6821,1465832445
1955,6866,1465832447
568,6776,1465832451
301,9671,1465832474
917,6863,1465832496
767,6791,1465832499
449,6778,1465832503
1240,11208,1465832506
520,8903,1465832518
1819,6838,1465832540
1098,6797,1465834213
1111,22551,1465834231
1593,6974,1465834234
1693,22935,1465834235
844,7443,1465834237
502,6799,1465834263
344,22785,1465834282
592,6780,1465834287
1608,6850,1465834289
482,6787,1465834292
1026,24121,1465834297
772,6797,1465836001
1522,6974,1465836008
348,27257,1465836011
1859,34844,1465837825
1788,6925,1465837826
1120,6903,1465837829
329,6914,1465837843
162,8205,1465837847
1627,6784,1465839643
1295,7024,1465841406
1701,11208,1465841429
69,6853,1465841433
696,6943,1465841438
31,6783,1465841455
1498,6795,1465841456
1599,6782,1465841462
1141,6790,1465841491
994,15383,1465841500
1573,6777,1465843209
735,7104,1465843229
164,7024,1465843235
1428,6984,1465843250
754,7212,1465843260
1344,40690,1465843266
1051,6859,1465843276
1029,7024,1465843298
174,6819,1465843308
1583,18939,1465845003
2022,6783,1465845006
1118,6850,1465845010
1968,11208,1465845012
602,6813,1465845026
1150,7028,1465845030
250,7028,1465845033
1336,7035,1465845042
1277,6854,1465845046
1671,6858,1465845047
2,22935,1465845062
656,6783,1465845075
305,6943,1465845085
1673,6818,1465845108
1819,6838,1465846805
986,6889,1465846806
1283,9671,1465846814
1990,23415,1465846820
448,21586,1465846861
1058,24372,1465846874
562,6811,1465846881
1311,6797,1465846894
522,18142,1465846896
1129,6903,1465846901
2070,16938,1465846906
771,6857,1465848599
1268,6791,1465848621
49,7443,1465848640
801,6857,1465848651
1573,6777,1465848675
1236,6973,1465848713
1129,6903,1465854004
857,6858,1465854011
778,6780,1465855824
461,6787,1465855836
1454,6776,1465855852
520,8903,1465855853
1032,6779,1465855855
1707,6858,1465855901
735,7104,1465855908
1789,6819,1465855920
27,34844,1465855922
119,14146,1465857612
1479,6794,1465857616
607,15383,1465857627
993,19390,1465857641
1854,12209,1465857646
1997,6875,1465857662
1035,6790,1465859401
431,6810,1465859407
2027,48448,1465859410
2023,6850,1465859434
208,6858,1465859442
2041,6922,1465859443
738,6789,1465859446
1548,6776,1465859466
1758,6782,1465859494
606,8474,1465859510
582,24121,1465859526
287,37228,1465859527
792,6779,1465863008
178,6949,1465863010
391,6809,1465863012
702,6817,1465863017
1130,9529,1465863018
175,23415,1465863030
1909,6782,1465863032
753,7726,1465863084
936,6949,1465863109
372,6951,1465863137
2065,6951,1465864816
226,6811,1465864831
122,6914,1465866606
108,6809,1465868406
1225,6850,1465868437
522,18142,1465868456
1319,6818,1465868473
909,6780,1465870208
545,6838,1465872027
1115,48448,1465872030
1882,6925,1465872072
1295,7024,1465873801
241,7022,1465873807
1735,6903,1465873814
1096,6820,1465873816
703,6891,1465873819
1375,7022,1465873822
1069,6857,1465873829
859,16274,1465873838
559,6790,1465873841
1768,6891,1465873857
251,16938,1465873859
1056,6780,1465873862
189,6920,1465873870
1968,11208,1465873875
1609,6889,1465873881
1707,6858,1465873905
62,6792,1465875601
804,6819,1465875614
1037,6951,1465875635
122,6914,1465875636
1608,6850,1465875660
147,7726,1465875661
1909,6782,1465875666
320,27253,1465875670
303,6813,1465875673
1349,6792,1465875678
1907,6813,1465875693
1914,6819,1465875722
1933,21555,1465877401
2070,16938,1465877403
1892,23919,1465877409
1583,18939,1465877415
2098,7443,1465879208
1472,19390,1465879211
164,7024,1465879214
208,6858,1465879232
216,6790,1465879246
1020,34969,1465881000
616,15383,1465881006
2096,6784,1465881011
1475,6922,1465881066
1954,6819,1465881100
401,6790,1465881109
428,6886,1465881110
1001,6949,1465881124
1300,7008,1465882803
1941,6866,1465882810
1996,6858,1465882811
182,37480,1465882812
119,14146,1465882819
881,6974,1465882832
350,6777,1465886409
88,6821,1465886412
967,6783,1465890022
130,7038,1465890059
1574,6850,1465890063
546,6817,1465890088
1604,7058,1465890092
642,6920,1465890100
1065,24372,1465890111
1913,58852,1465890121
563,6789,1465890125
1535,6795,1465891801
1315,6809,1465891819
1137,18142,1465893599
1846,23415,1465893610
1588,6776,1465893614
174,6819,1465893619
431,6810,1465893643
925,7280,1465893644
1741,6799,1465895421
558,7007,1465895423
1545,6984,1465895432
705,6956,1465895457
1478,18939,1465895466
1694,9529,1465897204
2008,19390,1465899010
1945,8205,1465899011
1452,6891,1465900809
1059,6811,1465902599
838,6889,1465902605
789,6796,1465904421
461,6787,1465904431
907,15383,1465904442
894,7726,1465904467
1119,6791,1465906200
1471,48730,1465906203
738,6789,1465908001
1606,6780,1465908033
1126,6888,1465908039
2022,6783,1465908067
1052,39568,1465908080
1955,6866,1465908084
1608,6850,1465908089
1506,6780,1465909802
153,6850,1465909819
1244,6821,1465909831
902,6984,1465909882
164,7024,1465911617
1859,34844,1465911630
407,6777,1465911638
1087,6797,1465911664
1114,6866,1465911667
1033,6818,1465911684
840,9079,1465911690
414,6857,1465911697
951,6903,1465911705
1606,6780,1465913420
996,6984,1465913421
828,7104,1465913434
834,6819,1465913452
602,6813,1465913461
856,6838,1465913468
1673,6818,1465913484
1240,11208,1465913489
309,18939,1465913490
2041,6922,1465915203
2011,6875,1465915211
1127,7008,1465915218
906,18939,1465915220
178,6949,1465918860
1041,6889,1465918875
304,6889,1465918876
1277,6854,1465918894
2093,6922,1465918896
994,15383,1465918907
1162,6974,1465920600
591,17406,1465920605
1237,6819,1465924201
1656,6859,1465924206
1302,7022,1465924218
240,6783,1465926001
1036,22935,1465926044
890,7726,1465926046
841,26437,1465926047
172,49085,1465926048
1659,6810,1465926058
1001,6949,1465926084
1515,6776,1465926087
1152,6922,1465926097
2042,6920,1465927827
476,6863,1465927835
904,7505,1465927836
1303,6777,1465927838
1694,9529,1465927859
237,7104,1465929618
34,27257,1465929634
941,6799,1465929635
2014,8474,1465929636
1136,6859,1465929640
1274,6800,1465931399
1777,7212,1465931413
447,6868,1465931431
293,6868,1465931445
1846,23415,1465931448
537,17406,1465931450
1246,6854,1465933202
1754,6810,1465933216
1538,6854,1465933224
1753,6791,1465934999
2016,15383,1465935025
1034,6794,1465935029
685,7280,1465935031
1125,6792,1465935048
401,6790,1465935052
1598,6859,1465935055
1550,6910,1465935063
1380,6778,1465936831
1768,6891,1465936859
229,6792,1465936878
1639,7432,1465936886
277,6838,1465936888
1959,6820,1465936911
1051,6859,1465936916
1005,6791,1465936928
1370,7212,1465936942
1522,6974,1465938618
483,6779,1465940399
857,6858,1465942204
639,6815,1465942217
697,6784,1465942219
1638,7347,1465944021
875,7058,1465944022
1073,6811,1465944023
1086,24967,1465944043
110,6854,1465944045
1166,6790,1465944104
2060,6778,1465947601
1302,7022,1465947602
66,7022,1465947603
740,6778,1465947632
1978,7212,1465947663
2011,6875,1465947673
882,12209,1465947678
459,6778,1465947683
1385,7008,1465949415
1169,6818,1465949442
27,34844,1465951222
591,17406,1465951223
1256,6785,1465951229
1690,34844,1465951234
603,17406,1465951235
1608,6850,1465951241
1912,6815,1465951244
1212,7726,1465951264
2032,6920,1465951268
136,6795,1465951301
1311,6797,1465951306
1964,6817,1465951321
559,6790,1465953000
1828,16274,1465953002
172,49085,1465953004
2021,6920,1465953023
562,6811,1465953039
130,7038,1465953040
431,6810,1465953041
214,6779,1465953056
170,9529,1465953061
1970,6777,1465953072
1816,6946,1465953079
999,6780,1465953087
1162,6974,1465953093
854,26437,1465953100
1535,6795,1465953101
772,6797,1465953113
1508,6912,1465953120
904,7505,1465954826
1035,6790,1465954834
1369,37480,1465954841
1968,11208,1465954854
712,6850,1465954877
1253,7058,1465954900
1604,7058,1465956631
2044,6891,1465956640
807,23204,1465958461
1345,7347,1465958462
1272,6777,1465958467
627,6857,1465958482
1633,7104,1465958493
177,6925,1465958494
507,6813,1465958512
1110,6973,1465958518
1805,6903,1465958523
1265,6784,1465958535
301,9671,1465960202
1479,6794,1465962040
338,19390,1465963802
759,6857,1465963805
1051,6859,1465963820
2037,6821,1465963830
1001,6949,1465963847
908,23919,1465963851
1052,39568,1465963859
492,16274,1465963860
544,6800,1465963888
894,7726,1465963896
307,6819,1465963925
365,6819,1465965621
1908,6949,1465965626
2011,6875,1465965629
430,24967,1465965687
674,6778,1465965696
1671,6858,1465965706
250,7028,1465967418
1788,6925,1465967419
797,7432,1465967427
751,6809,1465967437
1184,37228,1465967497
1545,6984,1465967511
2044,6891,1465967522
1693,22935,1465967525
1920,6956,1465967530
1618,6821,1465967533
1268,6791,1465967542
971,6858,1465969202
1633,7104,1465971015
2081,27253,1465971043
1477,6886,1465971050
533,6791,1465971089
1688,7024,1465971107
1950,6850,1465972802
1953,7104,1465972804
1107,6796,1465972809
1522,6974,1465978200
468,6838,1465978208
402,15383,1465978221
807,23204,1465978230
568,6776,1465978233
1954,6819,1465978248
123,26541,1465978264
1116,7008,1465980001
562,6811,1465980029
902,6984,1465980032
1819,6838,1465980038
1424,62531,1465980060
1354,6789,1465980068
547,7726,1465980069
181,48448,1465980070
1169,6818,1465980072
1096,6820,1465981808
1784,6949,1465981812
341,6780,1465981828
825,16938,1465983601
770,18142,1465983604
1935,6799,1465983614
344,22785,1465983616
540,6783,1465983627
229,6792,1465983650
1305,6925,1465983654
1498,6795,1465983668
1014,6853,1465985420
135,12209,1465985439
660,39568,1465985471
1452,6891,1465985491
126,6888,1465985498
1315,6809,1465987207
391,6809,1465987217
1035,6790,1465987285
909,6780,1465987286
257,6792,1465990809
955,7104,1465990821
130,7038,1465990837
1626,6778,1465990843
1472,19390,1465990847
1116,7008,1465990854
1169,6818,1465990868
29,6813,1465990879
1521,6794,1465990880
1471,48730,1465990881
1978,7212,1465992605
1727,53495,1465992612
1848,6949,1465992642
1280,6914,1465994416
461,6787,1465994460
1718,6914,1465994475
759,6857,1465994500
1538,6854,1465994502
2065,6951,1465996208
963,6850,1465996230
1025,6920,1465996235
975,6974,1465996241
1336,7035,1465996244
1563,6781,1465996249
1554,6780,1465996257
950,6914,1465998007
345,6914,1465998014
2084,22551,1465998058
428,6886,1465999805
1125,6792,1465999841
607,15383,1465999853
263,6925,1465999863
533,6791,1465999866
605,6946,1465999875
735,7104,1466001600
894,7726,1466003400
1352,6817,1466003423
703,6891,1466003432
260,7270,1466003455
472,21555,1466003457
1516,49085,1466003459
558,7007,1466005202
368,6792,1466005213
1096,6820,1466005227
1383,6777,1466005231
890,7726,1466005247
1509,6889,1466005253
1865,6795,1466005258
851,6783,1466005267
1755,6799,1466007011
513,6785,1466007018
1662,23204,1466007042
1378,6956,1466007043
241,7022,1466007061
1305,6925,1466007096
1318,6910,1466008808
667,6783,1466008836
893,24967,1466008848
18,6925,1466008853
661,7432,1466008857
1703,7035,1466008872
209,6784,1466008879
1118,6850,1466008882
1953,7104,1466008888
1990,23415,1466008895
497,7038,1466008901
1302,7022,1466008919
1311,6797,1466010622
148,6974,1466010635
514,6951,1466010658
1598,6859,1466010682
1522,6974,1466010695
459,6778,1466010719
1225,6850,1466010729
2081,27253,1466010737
1545,6984,1466012407
968,6911,1466012408
1086,24967,1466012449
999,6780,1466012458
230,6853,1466012481
1978,7212,1466012504
1375,7022,1466014216
1886,7726,1466014246
1758,6782,1466014250
1192,7212,1466014252
1871,6973,1466016002
1801,7270,1466016027
522,18142,1466016043
630,6785,1466016044
1497,6956,1466016045
669,6984,1466016059
96,6914,1466016096
1617,7024,1466017807
963,6850,1466017818
578,7058,1466017829
142,6956,1466017832
955,7104,1466017838
1950,6850,1466017840
1075,12209,1466017846
445,22935,1466017862
31,6783,1466017896
876,6920,1466017917
922,7212,1466019612
108,6809,1466019615
1904,23204,1466021407
645,11208,1466021416
1737,22935,1466021449
2038,6951,1466021451
2100,6791,1466021458
1981,19390,1466021469
1976,6910,1466021477
207,24372,1466025010
1995,6925,1466025014
690,26437,1466025037
164,7024,1466025038
1189,7280,1466025066
1037,6951,1466025071
1955,6866,1466025095
1354,6789,1466025096
1768,6891,1466028614
456,6810,1466028617
1091,6778,1466028626
2041,6922,1466028643
793,21586,1466028647
1573,6777,1466028656
900,40690,1466028688
2018,6820,1466028698
1137,18142,1466030401
499,6891,1466030428
1665,6811,1466030432
554,6820,1466030457
2065,6951,1466032242
1098,6797,1466032250
1526,22551,1466032266
2008,19390,1466032272
1873,6850,1466032281
886,6910,1466032293
2044,6891,1466032311
